Food_Item,Total_Ordered,Total_Prepared,Total_Wasted,Waste_Percentage
Veg Meals,1054,1622,568,35.01849568434032
Mutton Biryani,1052,1617,565,34.941249226963514
Chicken Fried Rice,1022,1568,546,34.82142857142857
Fried Rice,930,1421,491,34.553131597466574
Parotta,1096,1668,572,34.2925659472422
Chicken 65,998,1515,517,34.12541254125412
Idli,1045,1584,539,34.02777777777778
Chicken Grill,1131,1702,571,33.54876615746181
Veg Biryani,1000,1502,502,33.422103861517975
Chicken Biryani,1118,1678,560,33.373063170441
Noodles,1184,1770,586,33.10734463276836
Dosa,1068,1586,518,32.66078184110971
Chicken Noodles,1125,1640,515,31.402439024390244
Paneer Butter Masala,1118,1629,511,31.36893799877225
